id,name,department,salary
1,John,Engineering,60000
2,Alice,HR,50000
3,Bob,Marketing,55000
4,Jane,Engineering,65000
5,Mike,HR,48000
6,Sara,Sales,52000
7,Tom,Finance,70000
8,Emma,Engineering,63000
9,David,Marketing,58000
10,Olivia,HR,49000
11,John,Finance,75000
12,Alice,Sales,54000
13,Bob,Engineering,67000
14,Jane,Marketing,60000
15,Mike,HR,50000
16,Sara,Engineering,68000
17,Tom,Finance,72000
18,Emma,Sales,53000
19,David,HR,51000
20,Olivia,Marketing,59000
21,John,Engineering,64000
22,Alice,HR,52000
23,Bob,Marketing,56000
24,Jane,Engineering,66000
25,Mike,HR,48000
26,Sara,Sales,55000
27,Tom,Finance,71000
28,Emma,Engineering,63500
29,David,Marketing,57000
30,Olivia,HR,49500
31,John,Finance,76000
32,Alice,Sales,54500
33,Bob,Engineering,67500
34,Jane,Marketing,60500
35,Mike,HR,50500
36,Sara,Engineering,68500
37,Tom,Finance,72500
38,Emma,Sales,53500
39,David,HR,51500
40,Olivia,Marketing,59500
41,John,Engineering,65000
42,Alice,HR,53000
43,Bob,Marketing,56500
44,Jane,Engineering,67000
45,Mike,HR,49000
46,Sara,Sales,55500
47,Tom,Finance,71500
48,Emma,Engineering,64000
49,David,Marketing,57500
50,Olivia,HR,50000
51,John,Engineering,65500
52,Alice,HR,53500
53,Bob,Marketing,57000
54,Jane,Engineering,67500
55,Mike,HR,49500
56,Sara,Sales,56000
57,Tom,Finance,72000
58,Emma,Engineering,64500
59,David,Marketing,58000
60,Olivia,HR,50500
61,John,Finance,76500
62,Alice,Sales,55000
63,Bob,Engineering,68000
64,Jane,Marketing,61000
65,Mike,HR,51000
66,Sara,Engineering,69000
67,Tom,Finance,73000
68,Emma,Sales,54000
69,David,HR,52000
70,Olivia,Marketing,60000
71,John,Engineering,66000
72,Alice,HR,54000
73,Bob,Marketing,57500
74,Jane,Engineering,68000
75,Mike,HR,50000
76,Sara,Sales,56500
77,Tom,Finance,72500
78,Emma,Engineering,65000
79,David,Marketing,58500
80,Olivia,HR,51000
81,John,Finance,77000
82,Alice,Sales,55500
83,Bob,Engineering,68500
84,Jane,Marketing,61500
85,Mike,HR,51500
86,Sara,Engineering,69500
87,Tom,Finance,73500
88,Emma,Sales,54500
89,David,HR,52500
90,Olivia,Marketing,60500
91,John,Engineering,66500
92,Alice,HR,54500
93,Bob,Marketing,58000
94,Jane,Engineering,68500
95,Mike,HR,50500
96,Sara,Sales,57000
97,Tom,Finance,73000
98,Emma,Engineering,65500
99,David,Marketing,59000
100,Olivia,HR,51500
101,John,Engineering,67000
102,Alice,HR,55000
103,Bob,Marketing,58500
104,Jane,Engineering,69000
105,Mike,HR,51000
106,Sara,Sales,57500
107,Tom,Finance,73500
108,Emma,Engineering,66000
109,David,Marketing,59500
110,Olivia,HR,52000
111,John,Finance,77500
112,Alice,Sales,56000
113,Bob,Engineering,68500
114,Jane,Marketing,62000
115,Mike,HR,52000
116,Sara,Engineering,70000
117,Tom,Finance,74000
118,Emma,Sales,55000
119,David,HR,53000
120,Olivia,Marketing,61000
121,John,Engineering,67500
122,Alice,HR,55500
123,Bob,Marketing,59000
124,Jane,Engineering,69500
125,Mike,HR,51500
126,Sara,Sales,58000
127,Tom,Finance,74500
128,Emma,Engineering,66500
129,David,Marketing,60000
130,Olivia,HR,52500
131,John,Finance,78000
132,Alice,Sales,56500
133,Bob,Engineering,69000
134,Jane,Marketing,62500
135,Mike,HR,52500
136,Sara,Engineering,70500
137,Tom,Finance,75000
138,Emma,Sales,55500
139,David,HR,53500
140,Olivia,Marketing,61500
141,John,Engineering,68000
142,Alice,HR,56000
143,Bob,Marketing,59500
144,Jane,Engineering,70000
145,Mike,HR,52000
146,Sara,Sales,58500
147,Tom,Finance,75500
148,Emma,Engineering,67000
149,David,Marketing,60500
150,Olivia,HR,53000
151,John,Engineering,68500
152,Alice,HR,56500
153,Bob,Marketing,60000
154,Jane,Engineering,70500
155,Mike,HR,52500
156,Sara,Sales,59000
157,Tom,Finance,76000
158,Emma,Engineering,67500
159,David,Marketing,61000
160,Olivia,HR,53500
161,John,Finance,78500
162,Alice,Sales,57000
163,Bob,Engineering,69000
164,Jane,Marketing,63000
165,Mike,HR,53000
166,Sara,Engineering,71000
167,Tom,Finance,76500
168,Emma,Sales,57500
169,David,HR,54000
170,Olivia,Marketing,62000
171,John,Engineering,69000
172,Alice,HR,57500
173,Bob,Marketing,60500
174,Jane,Engineering,71500
175,Mike,HR,53500
176,Sara,Sales,59500
177,Tom,Finance,77000
178,Emma,Engineering,68000
179,David,Marketing,62500
180,Olivia,HR,54000
181,John,Finance,79000
182,Alice,Sales,57500
183,Bob,Engineering,69500
184,Jane,Marketing,63500
185,Mike,HR,54000
186,Sara,Engineering,71500
187,Tom,Finance,77500
188,Emma,Sales,58000
189,David,HR,54500
190,Olivia,Marketing,62500
191,John,Engineering,69500
192,Alice,HR,58000
193,Bob,Marketing,61000
194,Jane,Engineering,72000
195,Mike,HR,54500
196,Sara,Sales,60000
197,Tom,Finance,78000
198,Emma,Engineering,68500
199,David,Marketing,63000
200,Olivia,HR,55000
201,John,Engineering,70000
202,Alice,HR,58500
203,Bob,Marketing,61500
204,Jane,Engineering,72500
205,Mike,HR,55000
206,Sara,Sales,60500
207,Tom,Finance,78500
208,Emma,Engineering,69000
209,David,Marketing,63500
210,Olivia,HR,55500
211,John,Finance,79500
212,Alice,Sales,58000
213,Bob,Engineering,70000
214,Jane,Marketing,64000
215,Mike,HR,55500
216,Sara,Engineering,72000
217,Tom,Finance,79000
218,Emma,Sales,58500
219,David,HR,56000
220,Olivia,Marketing,63000
221,John,Engineering,70500
222,Alice,HR,59000
223,Bob,Marketing,62000
224,Jane,Engineering,73000
225,Mike,HR,56000
226,Sara,Sales,61000
227,Tom,Finance,79500
228,Emma,Engineering,69500
229,David,Marketing,64500
230,Olivia,HR,56500
231,John,Finance,80000
232,Alice,Sales,58500
233,Bob,Engineering,70500
234,Jane,Marketing,64500
235,Mike,HR,56500
236,Sara,Engineering,72500
237,Tom,Finance,80000
238,Emma,Sales,59000
239,David,HR,57000
240,Olivia,Marketing,63500
241,John,Engineering,71000
242,Alice,HR,59500
243,Bob,Marketing,62500
244,Jane,Engineering,73500
245,Mike,HR,57000
246,Sara,Sales,61500
247,Tom,Finance,80500
248,Emma,Engineering,70000
249,David,Marketing,65000
250,Olivia,HR,57500
251,John,Engineering,71500
252,Alice,HR,60000
253,Bob,Marketing,63000
254,Jane,Engineering,74000
255,Mike,HR,57500
256,Sara,Sales,62000
257,Tom,Finance,81000
258,Emma,Engineering,70500
259,David,Marketing,65500
260,Olivia,HR,58000
261,John,Finance,80500
262,Alice,Sales,60500
263,Bob,Engineering,71000
264,Jane,Marketing,65000
265,Mike,HR,58000
266,Sara,Engineering,73000
267,Tom,Finance,81500
268,Emma,Sales,61000
269,David,HR,58500
270,Olivia,Marketing,64000
271,John,Engineering,72000
272,Alice,HR,61000
273,Bob,Marketing,63500
274,Jane,Engineering,74500
275,Mike,HR,58500
276,Sara,Sales,62500
277,Tom,Finance,82000
278,Emma,Engineering,71500
279,David,Marketing,66000
280,Olivia,HR,59000
281,John,Finance,81000
282,Alice,Sales,61000
283,Bob,Engineering,72000
284,Jane,Marketing,65500
285,Mike,HR,59000
286,Sara,Engineering,73500
287,Tom,Finance,82500
288,Emma,Sales,61500
289,David,HR,59500
290,Olivia,Marketing,64500
291,John,Engineering,72500
292,Alice,HR,61500
293,Bob,Marketing,64000
294,Jane,Engineering,75000
295,Mike,HR,59500
296,Sara,Sales,63000
297,Tom,Finance,83000
298,Emma,Engineering,72000
299,David,Marketing,66500
300,Olivia,HR,60000
301,John,Engineering,73000
302,Alice,HR,62000
303,Bob,Marketing,64500
304,Jane,Engineering,75500
305,Mike,HR,60000
306,Sara,Sales,63500
307,Tom,Finance,83500
308,Emma,Engineering,72500
309,David,Marketing,67000
310,Olivia,HR,60500
311,John,Finance,81500
312,Alice,Sales,61500
313,Bob,Engineering,73000
314,Jane,Marketing,66000
315,Mike,HR,60500
316,Sara,Engineering,74000
317,Tom,Finance,84000
318,Emma,Sales,62000
319,David,HR,61000
320,Olivia,Marketing,65000
321,John,Engineering,73500
322,Alice,HR,62500
323,Bob,Marketing,65500
324,Jane,Engineering,76000
325,Mike,HR,61000
326,Sara,Sales,64000
327,Tom,Finance,84500
328,Emma,Engineering,73000
329,David,Marketing,67500
330,Olivia,HR,61500
331,John,Finance,82000
332,Alice,Sales,62000
333,Bob,Engineering,74000
334,Jane,Marketing,66500
335,Mike,HR,61500
336,Sara,Engineering,74500
337,Tom,Finance,85000
338,Emma,Sales,62500
339,David,HR,62000
340,Olivia,Marketing,65500
341,John,Engineering,74500
342,Alice,HR,63000
343,Bob,Marketing,67000
344,Jane,Engineering,76500
345,Mike,HR,62000
346,Sara,Sales,64500
347,Tom,Finance,85500
348,Emma,Engineering,73500
349,David,Marketing,68000
350,Olivia,HR,62000
351,John,Engineering,75000
352,Alice,HR,63500
353,Bob,Marketing,67500
354,Jane,Engineering,77000
355,Mike,HR,62500
356,Sara,Sales,65000
357,Tom,Finance,86000
358,Emma,Engineering,74000
359,David,Marketing,68500
360,Olivia,HR,62500
361,John,Finance,82500
362,Alice,Sales,63000
363,Bob,Engineering,75000
364,Jane,Marketing,68000
365,Mike,HR,63000
366,Sara,Engineering,75500
367,Tom,Finance,86500
368,Emma,Sales,63500
369,David,HR,63000
370,Olivia,Marketing,66000
371,John,Engineering,75500
372,Alice,HR,63500
373,Bob,Marketing,68500
374,Jane,Engineering,78000
375,Mike,HR,63500
376,Sara,Sales,65500
377,Tom,Finance,87000
378,Emma,Engineering,74500
379,David,Marketing,69000
380,Olivia,HR,63500
381,John,Finance,83000
382,Alice,Sales,64000
383,Bob,Engineering,76000
384,Jane,Marketing,68500
385,Mike,HR,64000
386,Sara,Engineering,76500
387,Tom,Finance,87500
388,Emma,Sales,64500
389,David,HR,64000
390,Olivia,Marketing,66500
391,John,Engineering,76500
392,Alice,HR,64500
393,Bob,Marketing,69000
394,Jane,Engineering,79000
395,Mike,HR,64500
396,Sara,Sales,67000
397,Tom,Finance,88000
398,Emma,Engineering,75000
399,David,Marketing,69500
400,Olivia,HR,65000
401,John,Engineering,77000
402,Alice,HR,65000
403,Bob,Marketing,69500
404,Jane,Engineering,79500
405,Mike,HR,65000
406,Sara,Sales,67500
407,Tom,Finance,88500
408,Emma,Engineering,75500
409,David,Marketing,70000
410,Olivia,HR,65500
411,John,Finance,83500
412,Alice,Sales,65500
413,Bob,Engineering,77000
414,Jane,Marketing,70500
415,Mike,HR,65500
416,Sara,Engineering,77000
417,Tom,Finance,89000
418,Emma,Sales,66000
419,David,HR,66000
420,Olivia,Marketing,67000
421,John,Engineering,77500
422,Alice,HR,65500
423,Bob,Marketing,71000
424,Jane,Engineering,80000
425,Mike,HR,66000
426,Sara,Sales,68000
427,Tom,Finance,89500
428,Emma,Engineering,76000
429,David,Marketing,70500
430,Olivia,HR,66500
431,John,Finance,84000
432,Alice,Sales,66000
433,Bob,Engineering,78000
434,Jane,Marketing,71000
435,Mike,HR,66500
436,Sara,Engineering,77500
437,Tom,Finance,90000
438,Emma,Sales,66500
439,David,HR,67000
440,Olivia,Marketing,67500
441,John,Engineering,78500
442,Alice,HR,66500
443,Bob,Marketing,71500
444,Jane,Engineering,80500
445,Mike,HR,67000
446,Sara,Sales,68500
447,Tom,Finance,90500
448,Emma,Engineering,76500
449,David,Marketing,71000
450,Olivia,HR,67000
451,John,Engineering,79000
452,Alice,HR,67000
453,Bob,Marketing,72000
454,Jane,Engineering,81000
455,Mike,HR,67500
456,Sara,Sales,69000
457,Tom,Finance,91000
458,Emma,Engineering,77000
459,David,Marketing,71500
460,Olivia,HR,67500
461,John,Finance,84500
462,Alice,Sales,67500
463,Bob,Engineering,79000
464,Jane,Marketing,72500
465,Mike,HR,68000
466,Sara,Engineering,78000
467,Tom,Finance,91500
468,Emma,Sales,68000
469,David,HR,68000
470,Olivia,Marketing,68000
471,John,Engineering,79500
472,Alice,HR,68000
473,Bob,Marketing,73000
474,Jane,Engineering,81500
475,Mike,HR,68500
476,Sara,Sales,69500
477,Tom,Finance,92000
478,Emma,Engineering,77500
479,David,Marketing,72000
480,Olivia,HR,68000
481,John,Finance,85000
482,Alice,Sales,68000
483,Bob,Engineering,79500
484,Jane,Marketing,73000
485,Mike,HR,69000
486,Sara,Engineering,78500
487,Tom,Finance,92500
488,Emma,Sales,68500
489,David,HR,68500
490,Olivia,Marketing,68500
491,John,Engineering,80000
492,Alice,HR,68500
493,Bob,Marketing,73500
494,Jane,Engineering,82000
495,Mike,HR,69500
496,Sara,Sales,70000
497,Tom,Finance,93000
498,Emma,Engineering,78000
499,David,Marketing,72500
500,Olivia,HR,69000

